word	reading	article_status	matching_jmdict_entry_ids	selected_teaching_senses	primary_for_kanji
一杯	いっぱい	new	1165670	1165670:1	杯
一緒	いっしょ	new	1163400	1163400:1	緒
与える	あたえる	new	1544730	1544730:1	与
両方	りょうほう	new	1554010	1554010:1	両
乗る	のる	new	1355120	1355120:1	乗
予定	よてい	new	1543240	1543240:1	予定
予想	よそう	new	1543130	1543130:1	想
事件	じけん	new	1313830	1313830:1	件
事務	じむ	new	1314270	1314270:1	務
互い	たがい	new	1268770	1268770:1	互
交通	こうつう	new	1272280	1272280:1	交
今晩	こんばん	new	1289470	1289470:1	晩
他人	たにん	new	1581400	1581400:1	他
付ける	つける	new	1495770	1495770:1	付
伝える	つたえる	new	1441870	1441870:1	伝
似る	にる	new	1314600	1314600:1	似
余る	あまる	new	1543910	1543910:1	余
例	れい	new	1585230	1585230:1	例
便利	べんり	new	1512610	1512610:1	便利
信じる	しんじる	new	1359040	1359040:1	信
倒れる	たおれる	new	1445790	1445790:1	倒
値段	ねだん	new	1600160	1600160:1	値段
偉い	えらい	new	1155780	1155780:1	偉
偶然	ぐうぜん	new	1246270	1246270:2	偶然
備える	そなえる	new	1244960	1244960:1,1244960:2	備
優しい	やさしい	new	1539040	1539040:1	優
光	ひかり	new	1272780	1272780:1	光
全部	ぜんぶ	new	1396130	1396130:1	全
公園	こうえん	new	1273270	1273270:1	園
公演	こうえん	new	1273280	1273280:1	演
共同	きょうどう	new	1591660,5220560	1591660:1	共
内容	ないよう	new	1459400	1459400:1	容
冷たい	つめたい	new	1556730	1556730:1	冷
処理	しょり	new	1342510	1342510:1	処
列	れつ	new	1558330	1558330:1	列
初めて	はじめて	new	1342550	1342550:1	初
判断	はんだん	new	1478620	1478620:1	判断
到着	とうちゃく	new	1449870	1449870:1	到
制度	せいど	new	1374880	1374880:1	制
割る	わる	new	1208000	1208000:2,1208000:3	割
助ける	たすける	new	1344410	1344410:1,1344410:2	助
努力	どりょく	new	1445130	1445130:1	努
労働	ろうどう	new	1606450	1606450:1	働労
勝つ	かつ	new	1346150	1346150:1	勝
勤める	つとめる	new	1240825	1240825:1	勤
単語	たんご	new	1417330	1417330:1	単
危険	きけん	new	1218560	1218560:1	危険
原因	げんいん	new	1261190	1261190:1	原因
参加	さんか	new	1302090	1302090:1	加参
反対	はんたい	new	1480670	1480670:1	反対
収入	しゅうにゅう	new	1330790	1330790:1	収
取る	とる	new	1326980	1326980:1	取
受ける	うける	new	1329590	1329590:1	受
合う	あう	new	1284430	1284430:2	合
向く	むく	new	1277080	1277080:1	向
君	きみ	new	1247250	1247250:1	君
否定	ひてい	new	1482990	1482990:1	否
吸う	すう	new	1228260	1228260:1	吸
吹く	ふく	new	1370760	1370760:1	吹
呼ぶ	よぶ	new	1266440	1266440:1	呼
命	いのち	new	1531940	1531940:1	命
商店	しょうてん	new	1347180	1347180:1	商
喜ぶ	よろこぶ	new	1218760	1218760:1	喜
回る	まわる	new	1604300	1604300:1	回
困る	こまる	new	1289590	1289590:1	困
地位	ちい	new	1420780	1420780:1	位
地球	ちきゅう	new	1420970	1420970:1	球
報告	ほうこく	new	1515670	1515670:1	告報
場所	ばしょ	existing	1355850	1355850:1	所
増える	ふえる	new	1602440	1602440:1	増
声	こえ	new	1380440	1380440:1	声
変化	へんか	new	1510890	1510890:1	化変
変更	へんこう	new	1511040	1511040:1	更
夢	ゆめ	new	1529410	1529410:1	夢
天候	てんこう	new	1438970	1438970:1	候
太陽	たいよう	new	1408370	1408370:1	太陽
夫婦	ふうふ	new	1583640	1583640:1	夫婦
失敗	しっぱい	new	1320140	1320140:1	失敗
好き	すき	new	1277450	1277450:1	好
妻	つま	new	1294330,2746070,2852371	1294330:1	妻
娘	むすめ	new	1531190	1531190:1	娘
存在	そんざい	new	1406150	1406150:1	在存
守る	まもる	new	1327120	1327120:1	守
完成	かんせい	new	1211490	1211490:1	完成
定規	じょうぎ	new	1435520	1435520:1	規
実際	じっさい	new	1321110	1321110:3	際
客	きゃく	new	1226630	1226630:1	客
害	がい	new	1204330	1204330:1	害
宿題	しゅくだい	new	1337270	1337270:1	宿
寄る	よる	new	1219680	1219680:1	寄
富	とみ	new	1496730	1496730:1	富
寒い	さむい	new	1210360	1210360:1	寒
寝る	ねる	new	1360010	1360010:1	寝
居間	いま	new	1231720	1231720:1	居
差	さ	new	1291070	1291070:1	差
市民	しみん	new	1308690	1308690:1	市民
平和	へいわ	new	1508070	1508070:1	和平
平等	びょうどう	new	1507670	1507670:1	等
幸福	こうふく	new	1278400	1278400:1	幸福
幾つ	いくつ	new	1219960	1219960:1,1219960:2	幾
座る	すわる	new	1291800	1291800:1	座
庭	にわ	new	1436130	1436130:1	庭
引く	ひく	new	1169250	1169250:1	引
当たる	あたる	new	1448810	1448810:1	当
形式	けいしき	new	1250310	1250310:1,1250310:2	式形
役	やく	new	1537970	1537970:1	役
彼	かれ	new	1483070	1483070:1	彼
得意	とくい	new	1454510	1454510:2	得
御礼	おれい	new	1270810	1270810:1	御礼
心配	しんぱい	new	1360930	1360930:1	配
必要	ひつよう	new	1487660	1487660:1	必要
忘れる	わすれる	new	1519210	1519210:1	忘
忙しい	いそがしい	new	1519290	1519290:1	忙
怒る	おこる	new	1445690	1445690:1	怒
怖い	こわい	new	1593480	1593480:1	怖
性格	せいかく	new	1375290	1375290:1	性格
恐れる	おそれる	new	1589200	1589200:1	恐
恥ずかしい	はずかしい	new	1421630	1421630:1	恥
息	いき	new	1404320	1404320:1	息
悲しい	かなしい	new	1483190	1483190:1	悲
愛	あい	new	1150410	1150410:1	愛
感情	かんじょう	new	1212410	1212410:1	情感
慣れる	なれる	new	1212670	1212670:1	慣
戦争	せんそう	new	1390360	1390360:1	争戦
戻る	もどる	new	1535880	1535880:2	戻
手術	しゅじゅつ	new	1327790	1327790:1	術
才能	さいのう	new	1294630	1294630:1	才能
打つ	うつ	new	1408810	1408810:1	打
投げる	なげる	new	1447000	1447000:1	投
折る	おる	new	1385910	1385910:1,1385910:2	折
抜く	ぬく	new	1478190	1478190:1	抜
抱く	だく	new	2844997	2844997:1	抱
押す	おす	new	1180470	1180470:1	押
招く	まねく	new	1349590	1349590:1	招
指	ゆび	new	1309650	1309650:1	指
捕まえる	つかまえる	new	1597780	1597780:1	捕
掛ける	かける	new	1207610	1207610:1	掛
探す	さがす	new	1593670	1593670:1	探
支払う	しはらう	new	1310300	1310300:1	払支
放送	ほうそう	new	1516750	1516750:1	放
政治	せいじ	new	1375970	1375970:1	政治
教師	きょうし	new	1237130	1237130:1	師
散歩	さんぽ	new	1303620	1303620:1	散
数	かず	new	1580820	1580820:1	数
方法	ほうほう	new	1517090	1517090:1	法
日記	にっき	new	1463930	1463930:1	記
易しい	やさしい	new	1157000	1157000:1	易
昔	むかし	new	1382370	1382370:1	昔
昨日	きのう	new	1579260	1579260:1	昨
景色	けしき	new	1250870	1250870:1	景
晴れる	はれる	new	1376470	1376470:1	晴
暗い	くらい	new	1154330	1154330:1	暗
暮らす	くらす	new	1514940	1514940:1	暮
曲	きょく	new	1239700	1239700:1	曲
最近	さいきん	new	1293780	1293780:1	最
望む	のぞむ	new	1519630	1519630:1	望
期間	きかん	new	1220550	1220550:1	期
未来	みらい	new	1528060	1528060:1	未
果物	くだもの	new	1193060	1193060:1	果
構成	こうせい	new	1279730	1279730:1	構
様子	ようす	new	1545820	1545820:1,1545820:2	様
権利	けんり	new	1258200	1258200:1	権
横	よこ	new	1180570	1180570:1,1180570:3	横
機会	きかい	new	1220800	1220800:1	機
欠席	けっせき	new	1254020	1254020:1	席欠
次	つぎ	new	1316380	1316380:1	次
欲しい	ほしい	new	1547330	1547330:1	欲
歯	は	new	1313000	1313000:1	歯
歳	さい	new	1294940	1294940:1	歳
死亡	しぼう	new	1310950	1310950:1	亡
残念	ざんねん	new	1304680	1304680:1	念残
殺す	ころす	new	1299030	1299030:1	殺
求める	もとめる	new	1229350	1229350:2,1229350:3	求
決める	きめる	new	1254180	1254180:1	決
泳ぐ	およぐ	new	1174340	1174340:1	泳
洗う	あらう	new	1390930	1390930:1	洗
流れる	ながれる	new	1552140	1552140:1	流
浮く	うく	new	1497420	1497420:1	浮
消す	けす	new	1350110	1350110:1	消
深い	ふかい	new	1362640	1362640:1	深
渡る	わたる	new	1444680	1444680:1	渡
港	みなと	new	1279990	1279990:1	港
満足	まんぞく	new	1526860	1526860:1	満
点	てん	new	1441390	1441390:1	点
煙	けむり	new	1177180	1177180:1	煙
熱い	あつい	new	1467720	1467720:1	熱
犯人	はんにん	new	1481630	1481630:1	犯
状態	じょうたい	new	1356730	1356730:1	状
猫	ねこ	new	1467640	1467640:1	猫
王	おう	new	1629200	1629200:1	王
現実	げんじつ	new	1263710	1263710:1	実現
理解	りかい	new	1549910	1549910:1	解
生徒	せいと	new	1379380	1379380:1	徒
生活	せいかつ	new	1378860	1378860:1	活
生産	せいさん	new	1378990	1378990:1	産
申し込む	もうしこむ	new	1362890	1362890:1	申込
留学	りゅうがく	new	1552740	1552740:1	留
番号	ばんごう	new	1482290	1482290:1	号番
疑う	うたがう	new	1225510	1225510:1	疑
疲れる	つかれる	new	1483740	1483740:1	疲
痛い	いたい	new	1432680	1432680:1	痛
発表	はっぴょう	new	1477840	1477840:1	表
登る	のぼる	new	1352570	1352570:1	登
皆	みな	new	1202150	1202150:1	皆
盗む	ぬすむ	new	1448440	1448440:1	盗
直す	なおす	new	1599390	1599390:1	直
相談	そうだん	new	1401210	1401210:1	相談
眠る	ねむる	new	1529390	1529390:1	眠
知識	ちしき	new	1420590	1420590:1	識
石	いし	new	1382440	1382440:1	石
破る	やぶる	new	1471200	1471200:1	破
確か	たしか	new	1596930	1596930:1,1596930:2	確
示す	しめす	new	1317110	1317110:1	示
祖父	そふ	new	1396840	1396840:1	祖
神社	じんじゃ	new	1364670	1364670:1	神
科学	かがく	new	1192700	1192700:1	科
程度	ていど	new	1436540	1436540:1	程
種類	しゅるい	new	1328890	1328890:1	種類
積む	つむ	new	1382970	1382970:1	積
突然	とつぜん	new	1457040	1457040:1	突
窓	まど	new	1401400	1401400:1	窓
笑う	わらう	new	1351360	1351360:1,1351360:2	笑
箱	はこ	new	1585650	1585650:1	箱
米	こめ	new	1508750	1508750:1	米
精神	せいしん	new	1379950	1379950:1	精
約束	やくそく	new	1538130	1538130:1	束約
組	くみ	new	1397450	1397450:2	組
経済	けいざい	new	1251320	1251320:1	済経
結婚	けっこん	new	1254790	1254790:1	婚
給料	きゅうりょう	new	1230360	1230360:1	給
絵	え	new	1202270	1202270:1	絵
絶対	ぜったい	new	1386840	1386840:1	絶
続ける	つづける	new	1405800	1405800:1	続
罪	つみ	new	1296680	1296680:1	罪
置く	おく	new	1421850	1421850:1	置
美しい	うつくしい	new	1486360	1486360:1	美
老人	ろうじん	new	1561090	1561090:1	老
職業	しょくぎょう	new	1357510	1357510:1	職
育つ	そだつ	new	1160540	1160540:1	育
背中	せなか	new	1472800	1472800:1	背
腹	はら	new	1501110	1501110:1	腹
自宅	じたく	new	1318260	1318260:1	宅
自由	じゆう	new	1318720	1318720:1	由
舞台	ぶたい	new	1499150	1499150:1	舞
船	ふね	new	1602800	1602800:1	船
良い	よい	new	1605820	1605820:1	良
若い	わかい	new	1324300	1324300:1	若
苦い	にがい	new	1244310	1244310:1	苦
落ちる	おちる	new	1548550	1548550:1	落
薬局	やっきょく	new	1538200	1538200:1	局薬
覚える	おぼえる	new	1206050	1206050:1	覚
観察	かんさつ	new	1214900	1214900:1	察観
言葉	ことば	new	1264540	1264540:1,1264540:2	葉
訪ねる	たずねる	new	1518070	1518070:1	訪
許す	ゆるす	new	1232870	1232870:1	許
認める	みとめる	new	1467530	1467530:1	認
誤解	ごかい	new	1271310	1271310:1	誤
説明	せつめい	new	1386460	1386460:1	説
調べる	しらべる	new	1429060	1429060:1	調
警官	けいかん	new	1252330	1252330:1	官警
議論	ぎろん	new	1226160	1226160:1	論議
負ける	まける	new	1497980	1497980:1	負
財布	さいふ	new	1296970	1296970:1	財
貧しい	まずしい	new	1490740	1490740:1	貧
責任	せきにん	new	1383180	1383180:1	任責
費用	ひよう	new	1484620	1484620:1	費
資料	しりょう	new	1312820	1312820:1	資
賛成	さんせい	new	1304200	1304200:1	賛
越える	こえる	new	1593070	1593070:1	越
辞書	じしょ	new	1318970	1318970:1	辞
迎える	むかえる	new	1253190	1253190:1	迎
返す	かえす	new	1512130	1512130:1	返
迷う	まよう	new	1532710	1532710:1	迷
追う	おう	new	1432410	1432410:1	追
退院	たいいん	new	1411300	1411300:1	退
逃げる	にげる	new	1450330	1450330:1	逃
途中	とちゅう	new	1582200	1582200:1	途
速い	はやい	new	1404975	1404975:1	速
連休	れんきゅう	new	1559380	1559380:1	連
週末	しゅうまつ	new	1333520	1333520:1	末
進む	すすむ	new	1365980	1365980:1	進
遅刻	ちこく	new	1422050	1422050:1	刻遅
遊ぶ	あそぶ	new	1542160	1542160:1	遊
過ぎる	すぎる	new	1195970	1195970:1	過
道具	どうぐ	new	1454180	1454180:1	具
道路	どうろ	new	1454290	1454290:1	路
違う	ちがう	new	1158880	1158880:1	違
遠い	とおい	new	1177800	1177800:1	遠
適切	てきせつ	new	1437430	1437430:1	適
選ぶ	えらぶ	new	1588730	1588730:1	選
部屋	へや	existing	1499320	1499320:1	部
都会	とかい	new	1444970	1444970:1	都
酒	さけ	new	1329010	1329010:1	酒
閉める	しめる	new	1508590	1508590:1	閉
関係	かんけい	new	1215810	1215810:1	係関
降る	ふる	new	1282790	1282790:1	降
限る	かぎる	new	1264640	1264640:1	限
除く	のぞく	new	1345640	1345640:1,1345640:2	除
雑草	ざっそう	new	1299460	1299460:1	草雑
難しい	むずかしい	new	1460850	1460850:1	難
雪	ゆき	new	1386500	1386500:1	雪
静か	しずか	new	1381820	1381820:1	静
非常口	ひじょうぐち	new	1484950	1484950:1	常非
面白い	おもしろい	new	1533580	1533580:1	面
靴	くつ	new	1246700	1246700:1	靴
頂上	ちょうじょう	new	1430220	1430220:1	頂
頭	あたま	new	1582310	1582310:1	頭
頼む	たのむ	new	1548370	1548370:1	頼
顔	かお	new	1217730	1217730:1	顔
願う	ねがう	new	1217950	1217950:1,1217950:2	願
飛ぶ	とぶ	new	1429700	1429700:1	飛
首	くび	new	1592270	1592270:1	首
馬	うま	new	1471560	1471560:1	馬
髪	かみ	new	1477950	1477950:1	髪
鳴く	なく	new	1532870	1532870:1	鳴
